{"cameraMode":{"drawMode":0,"name":"Shaded","section":"Shading Mode"},"sceneLighting":true,"audioPlay":false,"sceneViewState":{"m_AlwaysRefresh":false,"showFog":true,"showSkybox":true,"showFlares":true,"showImageEffects":true,"showParticleSystems":true,"showVisualEffectGraphs":true,"m_FxEnabled":true},"in2DMode":false,"pivot":{"x":-0.5910246968269348,"y":0.8653782606124878,"z":-1.279927372932434},"rotation":{"x":-0.0002778122143354267,"y":0.9881377816200256,"z":-0.0017877554055303336,"w":-0.15358886122703553},"size":1.8279650211334229,"orthographic":false}